"1. FC Kaiserslautern","http://cdn.content.easports.com/fifa/fltOnlineAssets/2012/fut/items/images/clubbadges/web/s29.png"
"1. FC Köln","http://cdn.content.easports.com/fifa/fltOnlineAssets/2012/fut/items/images/clubbadges/web/s31.png"
"1. FC Nürnberg","http://cdn.content.easports.com/fifa/fltOnlineAssets/2012/fut/items/images/clubbadges/web/s171.png"
"1. FC Union Berlin","http://cdn.content.easports.com/fifa/fltOnlineAssets/2012/fut/items/images/clubbadges/web/s1831.png"
"1. FSV Mainz 05","http://cdn.content.easports.com/fifa/fltOnlineAssets/2012/fut/items/images/clubbadges/web/s169.png"
"1899 Hoffenheim","http://cdn.content.easports.com/fifa/fltOnlineAssets/2012/fut/items/images/clubbadges/web/s10029.png"
"AA Gent","http://cdn.content.easports.com/fifa/fltOnlineAssets/2012/fut/items/images/clubbadges/web/s674.png"
"AC Ajaccio","http://cdn.content.easports.com/fifa/fltOnlineAssets/2012/fut/items/images/clubbadges/web/s614.png"
"AC Arles-Avignon","http://cdn.content.easports.com/fifa/fltOnlineAssets/2012/fut/items/images/clubbadges/web/s111989.png"
"AC Horsens","http://cdn.content.easports.com/fifa/fltOnlineAssets/2012/fut/items/images/clubbadges/web/s1446.png"
"AD Alcorcón","http://cdn.content.easports.com/fifa/fltOnlineAssets/2012/fut/items/images/clubbadges/web/s100831.png"
"ADO Den Haag","http://cdn.content.easports.com/fifa/fltOnlineAssets/2012/fut/items/images/clubbadges/web/s650.png"
"AEK Athens","http://cdn.content.easports.com/fifa/fltOnlineAssets/2012/fut/items/images/clubbadges/web/s278.png"
"AFC Wimbledon","http://cdn.content.easports.com/fifa/fltOnlineAssets/2012/fut/items/images/clubbadges/web/s112259.png"
"AIK","http://cdn.content.easports.com/fifa/fltOnlineAssets/2012/fut/items/images/clubbadges/web/s433.png"
"AJ Auxerre","http://cdn.content.easports.com/fifa/fltOnlineAssets/2012/fut/items/images/clubbadges/web/s57.png"
"AS Monaco","http://cdn.content.easports.com/fifa/fltOnlineAssets/2012/fut/items/images/clubbadges/web/s69.png"
"AS Nancy","http://cdn.content.easports.com/fifa/fltOnlineAssets/2012/fut/items/images/clubbadges/web/s1823.png"
"AS Saint-Etienne","http://cdn.content.easports.com/fifa/fltOnlineAssets/2012/fut/items/images/clubbadges/web/s1819.png"
"AZ","http://cdn.content.easports.com/fifa/fltOnlineAssets/2012/fut/items/images/clubbadges/web/s1906.png"
"Aalborg BK","http://cdn.content.easports.com/fifa/fltOnlineAssets/2012/fut/items/images/clubbadges/web/s820.png"
"Aalesunds FK","http://cdn.content.easports.com/fifa/fltOnlineAssets/2012/fut/items/images/clubbadges/web/s1755.png"
"Aarhus GF","http://cdn.content.easports.com/fifa/fltOnlineAssets/2012/fut/items/images/clubbadges/web/s271.png"
"Aberdeen","http://cdn.content.easports.com/fifa/fltOnlineAssets/2012/fut/items/images/clubbadges/web/s77.png"
"Académica Coimbra","http://cdn.content.easports.com/fifa/fltOnlineAssets/2012/fut/items/images/clubbadges/web/s1901.png"
"Accrington Stanley","http://cdn.content.easports.com/fifa/fltOnlineAssets/2012/fut/items/images/clubbadges/web/s110313.png"
"Adelaide United","http://cdn.content.easports.com/fifa/fltOnlineAssets/2012/fut/items/images/clubbadges/web/s111393.png"
"Admira Wacker Mödling","http://cdn.content.easports.com/fifa/fltOnlineAssets/2012/fut/items/images/clubbadges/web/s111821.png"
"Ajax","http://cdn.content.easports.com/fifa/fltOnlineAssets/2012/fut/items/images/clubbadges/web/s245.png"
"AlbinoLeffe","http://cdn.content.easports.com/fifa/fltOnlineAssets/2012/fut/items/images/clubbadges/web/s2044.png"
"Aldershot Town","http://cdn.content.easports.com/fifa/fltOnlineAssets/2012/fut/items/images/clubbadges/web/s382.png"
"Alemannia Aachen","http://cdn.content.easports.com/fifa/fltOnlineAssets/2012/fut/items/images/clubbadges/web/s1826.png"
"Amiens SC","http://cdn.content.easports.com/fifa/fltOnlineAssets/2012/fut/items/images/clubbadges/web/s1816.png"
"Amkar Perm","http://cdn.content.easports.com/fifa/fltOnlineAssets/2012/fut/items/images/clubbadges/web/s110234.png"
"América Mineiro","http://cdn.content.easports.com/fifa/fltOnlineAssets/2012/fut/items/images/clubbadges/web/s112001.png"
"América","http://cdn.content.easports.com/fifa/fltOnlineAssets/2012/fut/items/images/clubbadges/web/s1879.png"
"Anderlecht","http://cdn.content.easports.com/fifa/fltOnlineAssets/2012/fut/items/images/clubbadges/web/s229.png"
"Angers SCO","http://cdn.content.easports.com/fifa/fltOnlineAssets/2012/fut/items/images/clubbadges/web/s1530.png"
"Anzhi Makhachkala","http://cdn.content.easports.com/fifa/fltOnlineAssets/2012/fut/items/images/clubbadges/web/s100766.png"
"Arsenal","http://cdn.content.easports.com/fifa/fltOnlineAssets/2012/fut/items/images/clubbadges/web/s1.png"
"Ascoli","http://cdn.content.easports.com/fifa/fltOnlineAssets/2012/fut/items/images/clubbadges/web/s1846.png"
"Aston Villa","http://cdn.content.easports.com/fifa/fltOnlineAssets/2012/fut/items/images/clubbadges/web/s2.png"
"Atalanta","http://cdn.content.easports.com/fifa/fltOnlineAssets/2012/fut/items/images/clubbadges/web/s39.png"
"Athletic Club de Bilbao","http://cdn.content.easports.com/fifa/fltOnlineAssets/2012/fut/items/images/clubbadges/web/s448.png"
"Atlante","http://cdn.content.easports.com/fifa/fltOnlineAssets/2012/fut/items/images/clubbadges/web/s101116.png"
"Atlas","http://cdn.content.easports.com/fifa/fltOnlineAssets/2012/fut/items/images/clubbadges/web/s101114.png"
"Atlético Goianiense","http://cdn.content.easports.com/fifa/fltOnlineAssets/2012/fut/items/images/clubbadges/web/s112119.png"
"Atlético Mineiro","http://cdn.content.easports.com/fifa/fltOnlineAssets/2012/fut/items/images/clubbadges/web/s1035.png"
"Atlético Paranaense","http://cdn.content.easports.com/fifa/fltOnlineAssets/2012/fut/items/images/clubbadges/web/s1039.png"
"Atlético de Madrid","http://cdn.content.easports.com/fifa/fltOnlineAssets/2012/fut/items/images/clubbadges/web/s240.png"
"Austria Wien","http://cdn.content.easports.com/fifa/fltOnlineAssets/2012/fut/items/images/clubbadges/web/s256.png"
"Avaí","http://cdn.content.easports.com/fifa/fltOnlineAssets/2012/fut/items/images/clubbadges/web/s111976.png"
"BK Häcken","http://cdn.content.easports.com/fifa/fltOnlineAssets/2012/fut/items/images/clubbadges/web/s711.png"
"BSC Young Boys","http://cdn.content.easports.com/fifa/fltOnlineAssets/2012/fut/items/images/clubbadges/web/s900.png"
"Bahia","http://cdn.content.easports.com/fifa/fltOnlineAssets/2012/fut/items/images/clubbadges/web/s1598.png"
"Bari","http://cdn.content.easports.com/fifa/fltOnlineAssets/2012/fut/items/images/clubbadges/web/s1848.png"
"Barnet","http://cdn.content.easports.com/fifa/fltOnlineAssets/2012/fut/items/images/clubbadges/web/s135.png"
"Barnsley","http://cdn.content.easports.com/fifa/fltOnlineAssets/2012/fut/items/images/clubbadges/web/s1932.png"
"Bayer 04 Leverkusen","http://cdn.content.easports.com/fifa/fltOnlineAssets/2012/fut/items/images/clubbadges/web/s32.png"
"Bayern München","http://cdn.content.easports.com/fifa/fltOnlineAssets/2012/fut/items/images/clubbadges/web/s21.png"
"Beerschot","http://cdn.content.easports.com/fifa/fltOnlineAssets/2012/fut/items/images/clubbadges/web/s675.png"
"Birmingham City","http://cdn.content.easports.com/fifa/fltOnlineAssets/2012/fut/items/images/clubbadges/web/s88.png"
"Blackburn Rovers","http://cdn.content.easports.com/fifa/fltOnlineAssets/2012/fut/items/images/clubbadges/web/s3.png"
"Blackpool","http://cdn.content.easports.com/fifa/fltOnlineAssets/2012/fut/items/images/clubbadges/web/s1926.png"
"Boca Juniors","http://cdn.content.easports.com/fifa/fltOnlineAssets/2012/fut/items/images/clubbadges/web/s1877.png"
"Bohemian FC","http://cdn.content.easports.com/fifa/fltOnlineAssets/2012/fut/items/images/clubbadges/web/s305.png"
"Bologna","http://cdn.content.easports.com/fifa/fltOnlineAssets/2012/fut/items/images/clubbadges/web/s189.png"
"Bolton Wanderers","http://cdn.content.easports.com/fifa/fltOnlineAssets/2012/fut/items/images/clubbadges/web/s4.png"
"Borussia Dortmund","http://cdn.content.easports.com/fifa/fltOnlineAssets/2012/fut/items/images/clubbadges/web/s22.png"
"Borussia M'gladbach","http://cdn.content.easports.com/fifa/fltOnlineAssets/2012/fut/items/images/clubbadges/web/s23.png"
"Botafogo","http://cdn.content.easports.com/fifa/fltOnlineAssets/2012/fut/items/images/clubbadges/web/s517.png"
"Bournemouth","http://cdn.content.easports.com/fifa/fltOnlineAssets/2012/fut/items/images/clubbadges/web/s1943.png"
"Bradford City","http://cdn.content.easports.com/fifa/fltOnlineAssets/2012/fut/items/images/clubbadges/web/s1804.png"
"Bray Wanderers","http://cdn.content.easports.com/fifa/fltOnlineAssets/2012/fut/items/images/clubbadges/web/s838.png"
"Brentford","http://cdn.content.easports.com/fifa/fltOnlineAssets/2012/fut/items/images/clubbadges/web/s1925.png"
"Brescia","http://cdn.content.easports.com/fifa/fltOnlineAssets/2012/fut/items/images/clubbadges/web/s190.png"
"Brighton & Hove Albion","http://cdn.content.easports.com/fifa/fltOnlineAssets/2012/fut/items/images/clubbadges/web/s1808.png"
"Brisbane Roar","http://cdn.content.easports.com/fifa/fltOnlineAssets/2012/fut/items/images/clubbadges/web/s111395.png"
"Bristol City","http://cdn.content.easports.com/fifa/fltOnlineAssets/2012/fut/items/images/clubbadges/web/s1919.png"
"Bristol Rovers","http://cdn.content.easports.com/fifa/fltOnlineAssets/2012/fut/items/images/clubbadges/web/s1962.png"
"Brøndby IF","http://cdn.content.easports.com/fifa/fltOnlineAssets/2012/fut/items/images/clubbadges/web/s269.png"
"Burnley","http://cdn.content.easports.com/fifa/fltOnlineAssets/2012/fut/items/images/clubbadges/web/s1796.png"
"Burton Albion","http://cdn.content.easports.com/fifa/fltOnlineAssets/2012/fut/items/images/clubbadges/web/s15015.png"
"Bury","http://cdn.content.easports.com/fifa/fltOnlineAssets/2012/fut/items/images/clubbadges/web/s1945.png"
"Busan I'Park","http://cdn.content.easports.com/fifa/fltOnlineAssets/2012/fut/items/images/clubbadges/web/s1476.png"
"CA Osasuna","http://cdn.content.easports.com/fifa/fltOnlineAssets/2012/fut/items/images/clubbadges/web/s479.png"
"CD Alcoyano","http://cdn.content.easports.com/fifa/fltOnlineAssets/2012/fut/items/images/clubbadges/web/s110833.png"
"CD Feirense","http://cdn.content.easports.com/fifa/fltOnlineAssets/2012/fut/items/images/clubbadges/web/s10019.png"
"CD Guadalajara (Spain)","http://cdn.content.easports.com/fifa/fltOnlineAssets/2012/fut/items/images/clubbadges/web/s111827.png"
"CD Nacional","http://cdn.content.easports.com/fifa/fltOnlineAssets/2012/fut/items/images/clubbadges/web/s1891.png"
"CD Numancia","http://cdn.content.easports.com/fifa/fltOnlineAssets/2012/fut/items/images/clubbadges/web/s477.png"
"CE Sabadell","http://cdn.content.easports.com/fifa/fltOnlineAssets/2012/fut/items/images/clubbadges/web/s15021.png"
"CS Marítimo","http://cdn.content.easports.com/fifa/fltOnlineAssets/2012/fut/items/images/clubbadges/web/s1893.png"
"CS Sedan","http://cdn.content.easports.com/fifa/fltOnlineAssets/2012/fut/items/images/clubbadges/web/s613.png"
"CSKA Moskva","http://cdn.content.easports.com/fifa/fltOnlineAssets/2012/fut/items/images/clubbadges/web/s315.png"
"Cagliari","http://cdn.content.easports.com/fifa/fltOnlineAssets/2012/fut/items/images/clubbadges/web/s1842.png"
"Cardiff City","http://cdn.content.easports.com/fifa/fltOnlineAssets/2012/fut/items/images/clubbadges/web/s1961.png"
"Carlisle United","http://cdn.content.easports.com/fifa/fltOnlineAssets/2012/fut/items/images/clubbadges/web/s1480.png"
"Catania","http://cdn.content.easports.com/fifa/fltOnlineAssets/2012/fut/items/images/clubbadges/web/s110364.png"
"Ceará","http://cdn.content.easports.com/fifa/fltOnlineAssets/2012/fut/items/images/clubbadges/web/s111059.png"
"Celtic","http://cdn.content.easports.com/fifa/fltOnlineAssets/2012/fut/items/images/clubbadges/web/s78.png"
"Central Coast Mariners","http://cdn.content.easports.com/fifa/fltOnlineAssets/2012/fut/items/images/clubbadges/web/s111396.png"
"Cercle Brugge","http://cdn.content.easports.com/fifa/fltOnlineAssets/2012/fut/items/images/clubbadges/web/s1750.png"
"Cesena","http://cdn.content.easports.com/fifa/fltOnlineAssets/2012/fut/items/images/clubbadges/web/s110915.png"
"Charlton Athletic","http://cdn.content.easports.com/fifa/fltOnlineAssets/2012/fut/items/images/clubbadges/web/s89.png"
"Chelsea","http://cdn.content.easports.com/fifa/fltOnlineAssets/2012/fut/items/images/clubbadges/web/s5.png"
"Cheltenham Town","http://cdn.content.easports.com/fifa/fltOnlineAssets/2012/fut/items/images/clubbadges/web/s1936.png"
"Chesterfield","http://cdn.content.easports.com/fifa/fltOnlineAssets/2012/fut/items/images/clubbadges/web/s1924.png"
"Chicago Fire","http://cdn.content.easports.com/fifa/fltOnlineAssets/2012/fut/items/images/clubbadges/web/s693.png"
"Chievo Verona","http://cdn.content.easports.com/fifa/fltOnlineAssets/2012/fut/items/images/clubbadges/web/s192.png"
"Chivas USA","http://cdn.content.easports.com/fifa/fltOnlineAssets/2012/fut/items/images/clubbadges/web/s111070.png"
"Chunnam Dragons","http://cdn.content.easports.com/fifa/fltOnlineAssets/2012/fut/items/images/clubbadges/web/s1475.png"
"Cittadella","http://cdn.content.easports.com/fifa/fltOnlineAssets/2012/fut/items/images/clubbadges/web/s111993.png"
"Clermont Foot","http://cdn.content.easports.com/fifa/fltOnlineAssets/2012/fut/items/images/clubbadges/web/s1815.png"
"Club Brugge","http://cdn.content.easports.com/fifa/fltOnlineAssets/2012/fut/items/images/clubbadges/web/s231.png"
"Colchester United","http://cdn.content.easports.com/fifa/fltOnlineAssets/2012/fut/items/images/clubbadges/web/s1935.png"
"Colorado Rapids","http://cdn.content.easports.com/fifa/fltOnlineAssets/2012/fut/items/images/clubbadges/web/s694.png"
"Columbus Crew","http://cdn.content.easports.com/fifa/fltOnlineAssets/2012/fut/items/images/clubbadges/web/s687.png"
"Corinthians","http://cdn.content.easports.com/fifa/fltOnlineAssets/2012/fut/items/images/clubbadges/web/s1041.png"
"Coritiba","http://cdn.content.easports.com/fifa/fltOnlineAssets/2012/fut/items/images/clubbadges/web/s111044.png"
"Coventry City","http://cdn.content.easports.com/fifa/fltOnlineAssets/2012/fut/items/images/clubbadges/web/s1800.png"
"Cracovia Kraków","http://cdn.content.easports.com/fifa/fltOnlineAssets/2012/fut/items/images/clubbadges/web/s110747.png"
"Crawley Town","http://cdn.content.easports.com/fifa/fltOnlineAssets/2012/fut/items/images/clubbadges/web/s110890.png"
"Crewe Alexandra","http://cdn.content.easports.com/fifa/fltOnlineAssets/2012/fut/items/images/clubbadges/web/s121.png"
"Crotone","http://cdn.content.easports.com/fifa/fltOnlineAssets/2012/fut/items/images/clubbadges/web/s110734.png"
"Cruz Azul","http://cdn.content.easports.com/fifa/fltOnlineAssets/2012/fut/items/images/clubbadges/web/s1878.png"
"Cruzeiro","http://cdn.content.easports.com/fifa/fltOnlineAssets/2012/fut/items/images/clubbadges/web/s568.png"
"Crystal Palace","http://cdn.content.easports.com/fifa/fltOnlineAssets/2012/fut/items/images/clubbadges/web/s1799.png"
"Córdoba CF","http://cdn.content.easports.com/fifa/fltOnlineAssets/2012/fut/items/images/clubbadges/web/s1867.png"
"D.C. United","http://cdn.content.easports.com/fifa/fltOnlineAssets/2012/fut/items/images/clubbadges/web/s688.png"
"Daegu FC","http://cdn.content.easports.com/fifa/fltOnlineAssets/2012/fut/items/images/clubbadges/web/s2056.png"
"Daejeon Citizen","http://cdn.content.easports.com/fifa/fltOnlineAssets/2012/fut/items/images/clubbadges/web/s980.png"
"Dagenham & Redbridge","http://cdn.content.easports.com/fifa/fltOnlineAssets/2012/fut/items/images/clubbadges/web/s373.png"
"De Graafschap","http://cdn.content.easports.com/fifa/fltOnlineAssets/2012/fut/items/images/clubbadges/web/s635.png"
"Derby County","http://cdn.content.easports.com/fifa/fltOnlineAssets/2012/fut/items/images/clubbadges/web/s91.png"
"Derry City","http://cdn.content.easports.com/fifa/fltOnlineAssets/2012/fut/items/images/clubbadges/web/s445.png"
"Dijon Football","http://cdn.content.easports.com/fifa/fltOnlineAssets/2012/fut/items/images/clubbadges/web/s110569.png"
"Dinamo Moskva","http://cdn.content.easports.com/fifa/fltOnlineAssets/2012/fut/items/images/clubbadges/web/s312.png"
"Djurgårdens IF","http://cdn.content.easports.com/fifa/fltOnlineAssets/2012/fut/items/images/clubbadges/web/s710.png"
"Doncaster Rovers","http://cdn.content.easports.com/fifa/fltOnlineAssets/2012/fut/items/images/clubbadges/web/s142.png"
"Drogheda United","http://cdn.content.easports.com/fifa/fltOnlineAssets/2012/fut/items/images/clubbadges/web/s1572.png"
"Dundalk FC","http://cdn.content.easports.com/fifa/fltOnlineAssets/2012/fut/items/images/clubbadges/web/s837.png"
"Dundee United","http://cdn.content.easports.com/fifa/fltOnlineAssets/2012/fut/items/images/clubbadges/web/s181.png"
"Dunfermline Athletic","http://cdn.content.easports.com/fifa/fltOnlineAssets/2012/fut/items/images/clubbadges/web/s182.png"
"Dynamo Dresden","http://cdn.content.easports.com/fifa/fltOnlineAssets/2012/fut/items/images/clubbadges/web/s503.png"
"ES Troyes","http://cdn.content.easports.com/fifa/fltOnlineAssets/2012/fut/items/images/clubbadges/web/s294.png"
"Eintracht Braunschweig","http://cdn.content.easports.com/fifa/fltOnlineAssets/2012/fut/items/images/clubbadges/web/s110500.png"
"Eintracht Frankfurt","http://cdn.content.easports.com/fifa/fltOnlineAssets/2012/fut/items/images/clubbadges/web/s1824.png"
"Elche CF","http://cdn.content.easports.com/fifa/fltOnlineAssets/2012/fut/items/images/clubbadges/web/s468.png"
"Empoli","http://cdn.content.easports.com/fifa/fltOnlineAssets/2012/fut/items/images/clubbadges/web/s1746.png"
"En Avant Guingamp","http://cdn.content.easports.com/fifa/fltOnlineAssets/2012/fut/items/images/clubbadges/web/s62.png"
"Energie Cottbus","http://cdn.content.easports.com/fifa/fltOnlineAssets/2012/fut/items/images/clubbadges/web/s162.png"
"Erzgebirge Aue","http://cdn.content.easports.com/fifa/fltOnlineAssets/2012/fut/items/images/clubbadges/web/s506.png"
"Estudiantes Tecos","http://cdn.content.easports.com/fifa/fltOnlineAssets/2012/fut/items/images/clubbadges/web/s110780.png"
"Everton","http://cdn.content.easports.com/fifa/fltOnlineAssets/2012/fut/items/images/clubbadges/web/s7.png"
"Excelsior","http://cdn.content.easports.com/fifa/fltOnlineAssets/2012/fut/items/images/clubbadges/web/s1971.png"
"Exeter City","http://cdn.content.easports.com/fifa/fltOnlineAssets/2012/fut/items/images/clubbadges/web/s143.png"
"FC Augsburg","http://cdn.content.easports.com/fifa/fltOnlineAssets/2012/fut/items/images/clubbadges/web/s100409.png"
"FC Barcelona B","http://cdn.content.easports.com/fifa/fltOnlineAssets/2012/fut/items/images/clubbadges/web/s110704.png"
"FC Barcelona","http://cdn.content.easports.com/fifa/fltOnlineAssets/2012/fut/items/images/clubbadges/web/s241.png"
"FC Basel","http://cdn.content.easports.com/fifa/fltOnlineAssets/2012/fut/items/images/clubbadges/web/s896.png"
"FC Cartagena","http://cdn.content.easports.com/fifa/fltOnlineAssets/2012/fut/items/images/clubbadges/web/s100851.png"
"FC Dallas","http://cdn.content.easports.com/fifa/fltOnlineAssets/2012/fut/items/images/clubbadges/web/s695.png"
"FC Groningen","http://cdn.content.easports.com/fifa/fltOnlineAssets/2012/fut/items/images/clubbadges/web/s1915.png"
"FC Ingolstadt 04","http://cdn.content.easports.com/fifa/fltOnlineAssets/2012/fut/items/images/clubbadges/web/s111239.png"
"FC Istres","http://cdn.content.easports.com/fifa/fltOnlineAssets/2012/fut/items/images/clubbadges/web/s1820.png"
"FC Krasnodar","http://cdn.content.easports.com/fifa/fltOnlineAssets/2012/fut/items/images/clubbadges/web/s112218.png"
"FC København","http://cdn.content.easports.com/fifa/fltOnlineAssets/2012/fut/items/images/clubbadges/web/s819.png"
"FC Lausanne-Sports","http://cdn.content.easports.com/fifa/fltOnlineAssets/2012/fut/items/images/clubbadges/web/s1862.png"
"FC Lorient","http://cdn.content.easports.com/fifa/fltOnlineAssets/2012/fut/items/images/clubbadges/web/s217.png"
"FC Luzern","http://cdn.content.easports.com/fifa/fltOnlineAssets/2012/fut/items/images/clubbadges/web/s897.png"
"FC Metz","http://cdn.content.easports.com/fifa/fltOnlineAssets/2012/fut/items/images/clubbadges/web/s68.png"
"FC Midtjylland","http://cdn.content.easports.com/fifa/fltOnlineAssets/2012/fut/items/images/clubbadges/web/s1516.png"
"FC Nantes","http://cdn.content.easports.com/fifa/fltOnlineAssets/2012/fut/items/images/clubbadges/web/s71.png"
"FC Nordsjælland","http://cdn.content.easports.com/fifa/fltOnlineAssets/2012/fut/items/images/clubbadges/web/s1788.png"
"FC Porto","http://cdn.content.easports.com/fifa/fltOnlineAssets/2012/fut/items/images/clubbadges/web/s236.png"
"FC Rostov","http://cdn.content.easports.com/fifa/fltOnlineAssets/2012/fut/items/images/clubbadges/web/s110231.png"
"FC Schalke 04","http://cdn.content.easports.com/fifa/fltOnlineAssets/2012/fut/items/images/clubbadges/web/s34.png"
"FC Seoul","http://cdn.content.easports.com/fifa/fltOnlineAssets/2012/fut/items/images/clubbadges/web/s982.png"
"FC Sion","http://cdn.content.easports.com/fifa/fltOnlineAssets/2012/fut/items/images/clubbadges/web/s110770.png"
"FC Sochaux","http://cdn.content.easports.com/fifa/fltOnlineAssets/2012/fut/items/images/clubbadges/web/s226.png"
"FC St. Pauli","http://cdn.content.easports.com/fifa/fltOnlineAssets/2012/fut/items/images/clubbadges/web/s110329.png"
"FC Thun","http://cdn.content.easports.com/fifa/fltOnlineAssets/2012/fut/items/images/clubbadges/web/s1715.png"
"FC Twente","http://cdn.content.easports.com/fifa/fltOnlineAssets/2012/fut/items/images/clubbadges/web/s1908.png"
"FC Utrecht","http://cdn.content.easports.com/fifa/fltOnlineAssets/2012/fut/items/images/clubbadges/web/s1903.png"
"FC Volga Nizhniy Novgorod","http://cdn.content.easports.com/fifa/fltOnlineAssets/2012/fut/items/images/clubbadges/web/s112217.png"
"FC Zürich","http://cdn.content.easports.com/fifa/fltOnlineAssets/2012/fut/items/images/clubbadges/web/s894.png"
"FK Haugesund","http://cdn.content.easports.com/fifa/fltOnlineAssets/2012/fut/items/images/clubbadges/web/s1463.png"
"FSV Frankfurt","http://cdn.content.easports.com/fifa/fltOnlineAssets/2012/fut/items/images/clubbadges/web/s110596.png"
"Feyenoord","http://cdn.content.easports.com/fifa/fltOnlineAssets/2012/fut/items/images/clubbadges/web/s246.png"
"Figueirense","http://cdn.content.easports.com/fifa/fltOnlineAssets/2012/fut/items/images/clubbadges/web/s111045.png"
"Fiorentina","http://cdn.content.easports.com/fifa/fltOnlineAssets/2012/fut/items/images/clubbadges/web/s110374.png"
"Flamengo","http://cdn.content.easports.com/fifa/fltOnlineAssets/2012/fut/items/images/clubbadges/web/s1043.png"
"Fluminense","http://cdn.content.easports.com/fifa/fltOnlineAssets/2012/fut/items/images/clubbadges/web/s567.png"
"Fortuna Düsseldorf","http://cdn.content.easports.com/fifa/fltOnlineAssets/2012/fut/items/images/clubbadges/web/s110636.png"
"Fredrikstad FK","http://cdn.content.easports.com/fifa/fltOnlineAssets/2012/fut/items/images/clubbadges/web/s2041.png"
"Fulham","http://cdn.content.easports.com/fifa/fltOnlineAssets/2012/fut/items/images/clubbadges/web/s144.png"
"GAIS","http://cdn.content.easports.com/fifa/fltOnlineAssets/2012/fut/items/images/clubbadges/web/s111594.png"
"GKS Bełchatów","http://cdn.content.easports.com/fifa/fltOnlineAssets/2012/fut/items/images/clubbadges/web/s110744.png"
"Galatasaray SK","http://cdn.content.easports.com/fifa/fltOnlineAssets/2012/fut/items/images/clubbadges/web/s325.png"
"Galway United","http://cdn.content.easports.com/fifa/fltOnlineAssets/2012/fut/items/images/clubbadges/web/s1571.png"
"Gangwon FC","http://cdn.content.easports.com/fifa/fltOnlineAssets/2012/fut/items/images/clubbadges/web/s112115.png"
"Gefle IF","http://cdn.content.easports.com/fifa/fltOnlineAssets/2012/fut/items/images/clubbadges/web/s111277.png"
"Genoa","http://cdn.content.easports.com/fifa/fltOnlineAssets/2012/fut/items/images/clubbadges/web/s110556.png"
"Getafe CF","http://cdn.content.easports.com/fifa/fltOnlineAssets/2012/fut/items/images/clubbadges/web/s1860.png"
"Gil Vicente FC","http://cdn.content.easports.com/fifa/fltOnlineAssets/2012/fut/items/images/clubbadges/web/s1888.png"
"Gillingham","http://cdn.content.easports.com/fifa/fltOnlineAssets/2012/fut/items/images/clubbadges/web/s1802.png"
"Girona FC","http://cdn.content.easports.com/fifa/fltOnlineAssets/2012/fut/items/images/clubbadges/web/s110062.png"
"Girondins Bordeaux","http://cdn.content.easports.com/fifa/fltOnlineAssets/2012/fut/items/images/clubbadges/web/s59.png"
"Gold Coast United","http://cdn.content.easports.com/fifa/fltOnlineAssets/2012/fut/items/images/clubbadges/web/s112078.png"
"Granada CF","http://cdn.content.easports.com/fifa/fltOnlineAssets/2012/fut/items/images/clubbadges/web/s110832.png"
"Grasshopper-Club","http://cdn.content.easports.com/fifa/fltOnlineAssets/2012/fut/items/images/clubbadges/web/s322.png"
"Grosseto","http://cdn.content.easports.com/fifa/fltOnlineAssets/2012/fut/items/images/clubbadges/web/s111491.png"
"Grêmio","http://cdn.content.easports.com/fifa/fltOnlineAssets/2012/fut/items/images/clubbadges/web/s1629.png"
"Guadalajara","http://cdn.content.easports.com/fifa/fltOnlineAssets/2012/fut/items/images/clubbadges/web/s1880.png"
"Gubbio","http://cdn.content.easports.com/fifa/fltOnlineAssets/2012/fut/items/images/clubbadges/web/s112281.png"
"GwangJu FC","http://cdn.content.easports.com/fifa/fltOnlineAssets/2012/fut/items/images/clubbadges/web/s112258.png"
"GyeongNam FC","http://cdn.content.easports.com/fifa/fltOnlineAssets/2012/fut/items/images/clubbadges/web/s111588.png"
"Górnik Zabrze","http://cdn.content.easports.com/fifa/fltOnlineAssets/2012/fut/items/images/clubbadges/web/s420.png"
"HB Køge","http://cdn.content.easports.com/fifa/fltOnlineAssets/2012/fut/items/images/clubbadges/web/s826.png"
"Halmstads BK","http://cdn.content.easports.com/fifa/fltOnlineAssets/2012/fut/items/images/clubbadges/web/s321.png"
"Hamburger SV","http://cdn.content.easports.com/fifa/fltOnlineAssets/2012/fut/items/images/clubbadges/web/s28.png"
"Hannover 96","http://cdn.content.easports.com/fifa/fltOnlineAssets/2012/fut/items/images/clubbadges/web/s485.png"
"Hansa Rostock","http://cdn.content.easports.com/fifa/fltOnlineAssets/2012/fut/items/images/clubbadges/web/s27.png"
"Hartlepool United","http://cdn.content.easports.com/fifa/fltOnlineAssets/2012/fut/items/images/clubbadges/web/s1941.png"
"Heart of Midlothian","http://cdn.content.easports.com/fifa/fltOnlineAssets/2012/fut/items/images/clubbadges/web/s80.png"
"Hellas Verona","http://cdn.content.easports.com/fifa/fltOnlineAssets/2012/fut/items/images/clubbadges/web/s206.png"
"Helsingborgs IF","http://cdn.content.easports.com/fifa/fltOnlineAssets/2012/fut/items/images/clubbadges/web/s432.png"
"Heracles Almelo","http://cdn.content.easports.com/fifa/fltOnlineAssets/2012/fut/items/images/clubbadges/web/s100634.png"
"Hereford United","http://cdn.content.easports.com/fifa/fltOnlineAssets/2012/fut/items/images/clubbadges/web/s147.png"
"Hertha BSC","http://cdn.content.easports.com/fifa/fltOnlineAssets/2012/fut/items/images/clubbadges/web/s166.png"
"Hibernian","http://cdn.content.easports.com/fifa/fltOnlineAssets/2012/fut/items/images/clubbadges/web/s81.png"
"Houston Dynamo","http://cdn.content.easports.com/fifa/fltOnlineAssets/2012/fut/items/images/clubbadges/web/s698.png"
"Huddersfield Town","http://cdn.content.easports.com/fifa/fltOnlineAssets/2012/fut/items/images/clubbadges/web/s1939.png"
"Hull City","http://cdn.content.easports.com/fifa/fltOnlineAssets/2012/fut/items/images/clubbadges/web/s1952.png"
"Hércules CF","http://cdn.content.easports.com/fifa/fltOnlineAssets/2012/fut/items/images/clubbadges/web/s100879.png"
"IF Elfsborg","http://cdn.content.easports.com/fifa/fltOnlineAssets/2012/fut/items/images/clubbadges/web/s700.png"
"IFK Göteborg","http://cdn.content.easports.com/fifa/fltOnlineAssets/2012/fut/items/images/clubbadges/web/s319.png"
"IFK Norrköping","http://cdn.content.easports.com/fifa/fltOnlineAssets/2012/fut/items/images/clubbadges/web/s702.png"
"IK Start","http://cdn.content.easports.com/fifa/fltOnlineAssets/2012/fut/items/images/clubbadges/web/s1524.png"
"Incheon United FC","http://cdn.content.easports.com/fifa/fltOnlineAssets/2012/fut/items/images/clubbadges/web/s110765.png"
"Inter","http://cdn.content.easports.com/fifa/fltOnlineAssets/2012/fut/items/images/clubbadges/web/s44.png"
"Internacional","http://cdn.content.easports.com/fifa/fltOnlineAssets/2012/fut/items/images/clubbadges/web/s1048.png"
"Inverness Caledonian Thistle","http://cdn.content.easports.com/fifa/fltOnlineAssets/2012/fut/items/images/clubbadges/web/s620.png"
"Ipswich Town","http://cdn.content.easports.com/fifa/fltOnlineAssets/2012/fut/items/images/clubbadges/web/s94.png"
"Jagiellonia Białystok","http://cdn.content.easports.com/fifa/fltOnlineAssets/2012/fut/items/images/clubbadges/web/s110745.png"
"Jaguares de Chiapas","http://cdn.content.easports.com/fifa/fltOnlineAssets/2012/fut/items/images/clubbadges/web/s110151.png"
"Jeju United FC","http://cdn.content.easports.com/fifa/fltOnlineAssets/2012/fut/items/images/clubbadges/web/s1478.png"
"Jeonbuk Hyundai Motors","http://cdn.content.easports.com/fifa/fltOnlineAssets/2012/fut/items/images/clubbadges/web/s1477.png"
"Juve Stabia","http://cdn.content.easports.com/fifa/fltOnlineAssets/2012/fut/items/images/clubbadges/web/s112124.png"
"Juventus","http://cdn.content.easports.com/fifa/fltOnlineAssets/2012/fut/items/images/clubbadges/web/s45.png"
"KV Kortrijk","http://cdn.content.easports.com/fifa/fltOnlineAssets/2012/fut/items/images/clubbadges/web/s100081.png"
"KV Mechelen","http://cdn.content.easports.com/fifa/fltOnlineAssets/2012/fut/items/images/clubbadges/web/s110724.png"
"Kaizer Chiefs","http://cdn.content.easports.com/fifa/fltOnlineAssets/2012/fut/items/images/clubbadges/web/s110929.png"
"Kalmar FF","http://cdn.content.easports.com/fifa/fltOnlineAssets/2012/fut/items/images/clubbadges/web/s1439.png"
"Kapfenberger SV","http://cdn.content.easports.com/fifa/fltOnlineAssets/2012/fut/items/images/clubbadges/web/s15011.png"
"Karlsruher SC","http://cdn.content.easports.com/fifa/fltOnlineAssets/2012/fut/items/images/clubbadges/web/s1832.png"
"Kilmarnock","http://cdn.content.easports.com/fifa/fltOnlineAssets/2012/fut/items/images/clubbadges/web/s82.png"
"Korona Kielce","http://cdn.content.easports.com/fifa/fltOnlineAssets/2012/fut/items/images/clubbadges/web/s111083.png"
"Krylya Sovetov Samara","http://cdn.content.easports.com/fifa/fltOnlineAssets/2012/fut/items/images/clubbadges/web/s100764.png"
"Kuban Krasnodar","http://cdn.content.easports.com/fifa/fltOnlineAssets/2012/fut/items/images/clubbadges/web/s110089.png"
"LB Châteauroux","http://cdn.content.easports.com/fifa/fltOnlineAssets/2012/fut/items/images/clubbadges/web/s212.png"
"LOSC Lille","http://cdn.content.easports.com/fifa/fltOnlineAssets/2012/fut/items/images/clubbadges/web/s65.png"
"Lazio","http://cdn.content.easports.com/fifa/fltOnlineAssets/2012/fut/items/images/clubbadges/web/s46.png"
"Le Havre AC","http://cdn.content.easports.com/fifa/fltOnlineAssets/2012/fut/items/images/clubbadges/web/s1738.png"
"Le Mans FC","http://cdn.content.easports.com/fifa/fltOnlineAssets/2012/fut/items/images/clubbadges/web/s1739.png"
"Lecce","http://cdn.content.easports.com/fifa/fltOnlineAssets/2012/fut/items/images/clubbadges/web/s347.png"
"Lech Poznań","http://cdn.content.easports.com/fifa/fltOnlineAssets/2012/fut/items/images/clubbadges/web/s873.png"
"Lechia Gdańsk","http://cdn.content.easports.com/fifa/fltOnlineAssets/2012/fut/items/images/clubbadges/web/s111091.png"
"Leeds United","http://cdn.content.easports.com/fifa/fltOnlineAssets/2012/fut/items/images/clubbadges/web/s8.png"
"Legia Warszawa","http://cdn.content.easports.com/fifa/fltOnlineAssets/2012/fut/items/images/clubbadges/web/s1871.png"
"Leicester City","http://cdn.content.easports.com/fifa/fltOnlineAssets/2012/fut/items/images/clubbadges/web/s95.png"
"Levante UD","http://cdn.content.easports.com/fifa/fltOnlineAssets/2012/fut/items/images/clubbadges/web/s1853.png"
"Leyton Orient","http://cdn.content.easports.com/fifa/fltOnlineAssets/2012/fut/items/images/clubbadges/web/s1958.png"
"Lierse","http://cdn.content.easports.com/fifa/fltOnlineAssets/2012/fut/items/images/clubbadges/web/s239.png"
"Lillestrøm SK","http://cdn.content.easports.com/fifa/fltOnlineAssets/2012/fut/items/images/clubbadges/web/s299.png"
"Liverpool","http://cdn.content.easports.com/fifa/fltOnlineAssets/2012/fut/items/images/clubbadges/web/s9.png"
"Livorno","http://cdn.content.easports.com/fifa/fltOnlineAssets/2012/fut/items/images/clubbadges/web/s1844.png"
"Lokeren","http://cdn.content.easports.com/fifa/fltOnlineAssets/2012/fut/items/images/clubbadges/web/s2007.png"
"Lokomotiv Moskva","http://cdn.content.easports.com/fifa/fltOnlineAssets/2012/fut/items/images/clubbadges/web/s100765.png"
"Los Angeles Galaxy","http://cdn.content.easports.com/fifa/fltOnlineAssets/2012/fut/items/images/clubbadges/web/s697.png"
"Lyngby BK","http://cdn.content.easports.com/fifa/fltOnlineAssets/2012/fut/items/images/clubbadges/web/s15001.png"
"MSV Duisburg","http://cdn.content.easports.com/fifa/fltOnlineAssets/2012/fut/items/images/clubbadges/web/s1825.png"
"Macclesfield Town","http://cdn.content.easports.com/fifa/fltOnlineAssets/2012/fut/items/images/clubbadges/web/s1959.png"
"Malmö FF","http://cdn.content.easports.com/fifa/fltOnlineAssets/2012/fut/items/images/clubbadges/web/s320.png"
"Manchester City","http://cdn.content.easports.com/fifa/fltOnlineAssets/2012/fut/items/images/clubbadges/web/s10.png"
"Manchester United","http://cdn.content.easports.com/fifa/fltOnlineAssets/2012/fut/items/images/clubbadges/web/s11.png"
"Melbourne Heart","http://cdn.content.easports.com/fifa/fltOnlineAssets/2012/fut/items/images/clubbadges/web/s112224.png"
"Melbourne Victory","http://cdn.content.easports.com/fifa/fltOnlineAssets/2012/fut/items/images/clubbadges/web/s111397.png"
"Middlesbrough","http://cdn.content.easports.com/fifa/fltOnlineAssets/2012/fut/items/images/clubbadges/web/s12.png"
"Milan","http://cdn.content.easports.com/fifa/fltOnlineAssets/2012/fut/items/images/clubbadges/web/s47.png"
"Millwall","http://cdn.content.easports.com/fifa/fltOnlineAssets/2012/fut/items/images/clubbadges/web/s97.png"
"Milton Keynes Dons","http://cdn.content.easports.com/fifa/fltOnlineAssets/2012/fut/items/images/clubbadges/web/s1798.png"
"Mjällby AIF","http://cdn.content.easports.com/fifa/fltOnlineAssets/2012/fut/items/images/clubbadges/web/s112072.png"
"Modena","http://cdn.content.easports.com/fifa/fltOnlineAssets/2012/fut/items/images/clubbadges/web/s1744.png"
"Molde FK","http://cdn.content.easports.com/fifa/fltOnlineAssets/2012/fut/items/images/clubbadges/web/s417.png"
"Monarcas Morelia","http://cdn.content.easports.com/fifa/fltOnlineAssets/2012/fut/items/images/clubbadges/web/s1028.png"
"Mons","http://cdn.content.easports.com/fifa/fltOnlineAssets/2012/fut/items/images/clubbadges/web/s1747.png"
"Monterrey","http://cdn.content.easports.com/fifa/fltOnlineAssets/2012/fut/items/images/clubbadges/web/s1032.png"
"Montpellier SC","http://cdn.content.easports.com/fifa/fltOnlineAssets/2012/fut/items/images/clubbadges/web/s70.png"
"Morecambe","http://cdn.content.easports.com/fifa/fltOnlineAssets/2012/fut/items/images/clubbadges/web/s357.png"
"Motherwell","http://cdn.content.easports.com/fifa/fltOnlineAssets/2012/fut/items/images/clubbadges/web/s83.png"
"Málaga CF","http://cdn.content.easports.com/fifa/fltOnlineAssets/2012/fut/items/images/clubbadges/web/s573.png"
"NAC Breda","http://cdn.content.easports.com/fifa/fltOnlineAssets/2012/fut/items/images/clubbadges/web/s1904.png"
"NEC","http://cdn.content.easports.com/fifa/fltOnlineAssets/2012/fut/items/images/clubbadges/web/s1910.png"
"Napoli","http://cdn.content.easports.com/fifa/fltOnlineAssets/2012/fut/items/images/clubbadges/web/s48.png"
"Neuchâtel Xamax","http://cdn.content.easports.com/fifa/fltOnlineAssets/2012/fut/items/images/clubbadges/web/s435.png"
"New England Revolution","http://cdn.content.easports.com/fifa/fltOnlineAssets/2012/fut/items/images/clubbadges/web/s691.png"
"New York Red Bulls","http://cdn.content.easports.com/fifa/fltOnlineAssets/2012/fut/items/images/clubbadges/web/s689.png"
"Newcastle United Jets","http://cdn.content.easports.com/fifa/fltOnlineAssets/2012/fut/items/images/clubbadges/web/s111398.png"
"Newcastle United","http://cdn.content.easports.com/fifa/fltOnlineAssets/2012/fut/items/images/clubbadges/web/s13.png"
"Nocerina","http://cdn.content.easports.com/fifa/fltOnlineAssets/2012/fut/items/images/clubbadges/web/s112282.png"
"Northampton Town","http://cdn.content.easports.com/fifa/fltOnlineAssets/2012/fut/items/images/clubbadges/web/s1930.png"
"Norwich City","http://cdn.content.easports.com/fifa/fltOnlineAssets/2012/fut/items/images/clubbadges/web/s1792.png"
"Nottingham Forest","http://cdn.content.easports.com/fifa/fltOnlineAssets/2012/fut/items/images/clubbadges/web/s14.png"
"Notts County","http://cdn.content.easports.com/fifa/fltOnlineAssets/2012/fut/items/images/clubbadges/web/s1937.png"
"Novara","http://cdn.content.easports.com/fifa/fltOnlineAssets/2012/fut/items/images/clubbadges/web/s112225.png"
"Nástic de Tarragona","http://cdn.content.easports.com/fifa/fltOnlineAssets/2012/fut/items/images/clubbadges/web/s15019.png"
"OGC Nice","http://cdn.content.easports.com/fifa/fltOnlineAssets/2012/fut/items/images/clubbadges/web/s72.png"
"OH Leuven","http://cdn.content.easports.com/fifa/fltOnlineAssets/2012/fut/items/images/clubbadges/web/s100087.png"
"Odd Grenland","http://cdn.content.easports.com/fifa/fltOnlineAssets/2012/fut/items/images/clubbadges/web/s1456.png"
"Odense Boldklub","http://cdn.content.easports.com/fifa/fltOnlineAssets/2012/fut/items/images/clubbadges/web/s272.png"
"Oldham Athletic","http://cdn.content.easports.com/fifa/fltOnlineAssets/2012/fut/items/images/clubbadges/web/s1920.png"
"Olympiacos CFP","http://cdn.content.easports.com/fifa/fltOnlineAssets/2012/fut/items/images/clubbadges/web/s280.png"
"Olympique Lyonnais","http://cdn.content.easports.com/fifa/fltOnlineAssets/2012/fut/items/images/clubbadges/web/s66.png"
"Olympique de Marseille","http://cdn.content.easports.com/fifa/fltOnlineAssets/2012/fut/items/images/clubbadges/web/s219.png"
"Orlando Pirates","http://cdn.content.easports.com/fifa/fltOnlineAssets/2012/fut/items/images/clubbadges/web/s110930.png"
"Oxford United","http://cdn.content.easports.com/fifa/fltOnlineAssets/2012/fut/items/images/clubbadges/web/s1951.png"
"PAOK FC","http://cdn.content.easports.com/fifa/fltOnlineAssets/2012/fut/items/images/clubbadges/web/s393.png"
"PSV","http://cdn.content.easports.com/fifa/fltOnlineAssets/2012/fut/items/images/clubbadges/web/s247.png"
"Pachuca","http://cdn.content.easports.com/fifa/fltOnlineAssets/2012/fut/items/images/clubbadges/web/s110147.png"
"Padova","http://cdn.content.easports.com/fifa/fltOnlineAssets/2012/fut/items/images/clubbadges/web/s110912.png"
"Palermo","http://cdn.content.easports.com/fifa/fltOnlineAssets/2012/fut/items/images/clubbadges/web/s1843.png"
"Palmeiras","http://cdn.content.easports.com/fifa/fltOnlineAssets/2012/fut/items/images/clubbadges/web/s383.png"
"Panathinaikos FC","http://cdn.content.easports.com/fifa/fltOnlineAssets/2012/fut/items/images/clubbadges/web/s1884.png"
"Paris Saint-Germain","http://cdn.content.easports.com/fifa/fltOnlineAssets/2012/fut/items/images/clubbadges/web/s73.png"
"Parma","http://cdn.content.easports.com/fifa/fltOnlineAssets/2012/fut/items/images/clubbadges/web/s50.png"
"Paços de Ferreira","http://cdn.content.easports.com/fifa/fltOnlineAssets/2012/fut/items/images/clubbadges/web/s1892.png"
"Perth Glory","http://cdn.content.easports.com/fifa/fltOnlineAssets/2012/fut/items/images/clubbadges/web/s111399.png"
"Pescara","http://cdn.content.easports.com/fifa/fltOnlineAssets/2012/fut/items/images/clubbadges/web/s200.png"
"Peterborough United","http://cdn.content.easports.com/fifa/fltOnlineAssets/2012/fut/items/images/clubbadges/web/s1938.png"
"Philadelphia Union","http://cdn.content.easports.com/fifa/fltOnlineAssets/2012/fut/items/images/clubbadges/web/s112134.png"
"Plymouth Argyle","http://cdn.content.easports.com/fifa/fltOnlineAssets/2012/fut/items/images/clubbadges/web/s1929.png"
"Podbeskidzie Bielsko-Biała","http://cdn.content.easports.com/fifa/fltOnlineAssets/2012/fut/items/images/clubbadges/web/s111087.png"
"Pohang Steelers","http://cdn.content.easports.com/fifa/fltOnlineAssets/2012/fut/items/images/clubbadges/web/s1474.png"
"Polonia Warszawa","http://cdn.content.easports.com/fifa/fltOnlineAssets/2012/fut/items/images/clubbadges/web/s1570.png"
"Port Vale","http://cdn.content.easports.com/fifa/fltOnlineAssets/2012/fut/items/images/clubbadges/web/s1928.png"
"Portland Timbers","http://cdn.content.easports.com/fifa/fltOnlineAssets/2012/fut/items/images/clubbadges/web/s111140.png"
"Portsmouth","http://cdn.content.easports.com/fifa/fltOnlineAssets/2012/fut/items/images/clubbadges/web/s1790.png"
"Preston North End","http://cdn.content.easports.com/fifa/fltOnlineAssets/2012/fut/items/images/clubbadges/web/s1801.png"
"Puebla","http://cdn.content.easports.com/fifa/fltOnlineAssets/2012/fut/items/images/clubbadges/web/s110152.png"
"Queens Park Rangers","http://cdn.content.easports.com/fifa/fltOnlineAssets/2012/fut/items/images/clubbadges/web/s15.png"
"Querétaro","http://cdn.content.easports.com/fifa/fltOnlineAssets/2012/fut/items/images/clubbadges/web/s110150.png"
"RC Celta de Vigo","http://cdn.content.easports.com/fifa/fltOnlineAssets/2012/fut/items/images/clubbadges/web/s450.png"
"RC Deportivo","http://cdn.content.easports.com/fifa/fltOnlineAssets/2012/fut/items/images/clubbadges/web/s242.png"
"RC Recreativo","http://cdn.content.easports.com/fifa/fltOnlineAssets/2012/fut/items/images/clubbadges/web/s571.png"
"RCD Espanyol","http://cdn.content.easports.com/fifa/fltOnlineAssets/2012/fut/items/images/clubbadges/web/s452.png"
"RCD Mallorca","http://cdn.content.easports.com/fifa/fltOnlineAssets/2012/fut/items/images/clubbadges/web/s453.png"
"RKC Waalwijk","http://cdn.content.easports.com/fifa/fltOnlineAssets/2012/fut/items/images/clubbadges/web/s1905.png"
"Racing Club de Avellaneda","http://cdn.content.easports.com/fifa/fltOnlineAssets/2012/fut/items/images/clubbadges/web/s101085.png"
"Racing Club de Lens","http://cdn.content.easports.com/fifa/fltOnlineAssets/2012/fut/items/images/clubbadges/web/s64.png"
"Racing Genk","http://cdn.content.easports.com/fifa/fltOnlineAssets/2012/fut/items/images/clubbadges/web/s673.png"
"Racing de Santander","http://cdn.content.easports.com/fifa/fltOnlineAssets/2012/fut/items/images/clubbadges/web/s456.png"
"Rangers","http://cdn.content.easports.com/fifa/fltOnlineAssets/2012/fut/items/images/clubbadges/web/s86.png"
"Rapid Wien","http://cdn.content.easports.com/fifa/fltOnlineAssets/2012/fut/items/images/clubbadges/web/s254.png"
"Rayo Vallecano","http://cdn.content.easports.com/fifa/fltOnlineAssets/2012/fut/items/images/clubbadges/web/s480.png"
"Reading","http://cdn.content.easports.com/fifa/fltOnlineAssets/2012/fut/items/images/clubbadges/web/s1793.png"
"Real Betis Balompié","http://cdn.content.easports.com/fifa/fltOnlineAssets/2012/fut/items/images/clubbadges/web/s449.png"
"Real Madrid","http://cdn.content.easports.com/fifa/fltOnlineAssets/2012/fut/items/images/clubbadges/web/s243.png"
"Real Murcia CF","http://cdn.content.easports.com/fifa/fltOnlineAssets/2012/fut/items/images/clubbadges/web/s1855.png"
"Real Salt Lake","http://cdn.content.easports.com/fifa/fltOnlineAssets/2012/fut/items/images/clubbadges/web/s111065.png"
"Real Sociedad","http://cdn.content.easports.com/fifa/fltOnlineAssets/2012/fut/items/images/clubbadges/web/s457.png"
"Real Sporting de Gijón","http://cdn.content.easports.com/fifa/fltOnlineAssets/2012/fut/items/images/clubbadges/web/s459.png"
"Real Valladolid","http://cdn.content.easports.com/fifa/fltOnlineAssets/2012/fut/items/images/clubbadges/web/s462.png"
"Real Zaragoza","http://cdn.content.easports.com/fifa/fltOnlineAssets/2012/fut/items/images/clubbadges/web/s244.png"
"Red Bull Salzburg","http://cdn.content.easports.com/fifa/fltOnlineAssets/2012/fut/items/images/clubbadges/web/s191.png"
"Reggina","http://cdn.content.easports.com/fifa/fltOnlineAssets/2012/fut/items/images/clubbadges/web/s203.png"
"Rio Ave FC","http://cdn.content.easports.com/fifa/fltOnlineAssets/2012/fut/items/images/clubbadges/web/s744.png"
"River Plate","http://cdn.content.easports.com/fifa/fltOnlineAssets/2012/fut/items/images/clubbadges/web/s1876.png"
"Rochdale","http://cdn.content.easports.com/fifa/fltOnlineAssets/2012/fut/items/images/clubbadges/web/s1955.png"
"Roda JC Kerkrade","http://cdn.content.easports.com/fifa/fltOnlineAssets/2012/fut/items/images/clubbadges/web/s1902.png"
"Roma","http://cdn.content.easports.com/fifa/fltOnlineAssets/2012/fut/items/images/clubbadges/web/s52.png"
"Rosenborg BK","http://cdn.content.easports.com/fifa/fltOnlineAssets/2012/fut/items/images/clubbadges/web/s298.png"
"Rotherham United","http://cdn.content.easports.com/fifa/fltOnlineAssets/2012/fut/items/images/clubbadges/web/s1797.png"
"Rubin Kazan","http://cdn.content.easports.com/fifa/fltOnlineAssets/2012/fut/items/images/clubbadges/web/s110227.png"
"Ruch Chorzów","http://cdn.content.easports.com/fifa/fltOnlineAssets/2012/fut/items/images/clubbadges/web/s874.png"
"SC Bastia","http://cdn.content.easports.com/fifa/fltOnlineAssets/2012/fut/items/images/clubbadges/web/s58.png"
"SC Beira-Mar","http://cdn.content.easports.com/fifa/fltOnlineAssets/2012/fut/items/images/clubbadges/web/s1897.png"
"SC Braga","http://cdn.content.easports.com/fifa/fltOnlineAssets/2012/fut/items/images/clubbadges/web/s1896.png"
"SC Freiburg","http://cdn.content.easports.com/fifa/fltOnlineAssets/2012/fut/items/images/clubbadges/web/s25.png"
"SC Heerenveen","http://cdn.content.easports.com/fifa/fltOnlineAssets/2012/fut/items/images/clubbadges/web/s1913.png"
"SC Olhanense","http://cdn.content.easports.com/fifa/fltOnlineAssets/2012/fut/items/images/clubbadges/web/s111540.png"
"SC Paderborn","http://cdn.content.easports.com/fifa/fltOnlineAssets/2012/fut/items/images/clubbadges/web/s10030.png"
"SC Wiener Neustadt","http://cdn.content.easports.com/fifa/fltOnlineAssets/2012/fut/items/images/clubbadges/web/s111373.png"
"SD Huesca","http://cdn.content.easports.com/fifa/fltOnlineAssets/2012/fut/items/images/clubbadges/web/s110839.png"
"SK Brann","http://cdn.content.easports.com/fifa/fltOnlineAssets/2012/fut/items/images/clubbadges/web/s919.png"
"SL Benfica","http://cdn.content.easports.com/fifa/fltOnlineAssets/2012/fut/items/images/clubbadges/web/s234.png"
"SM Caen","http://cdn.content.easports.com/fifa/fltOnlineAssets/2012/fut/items/images/clubbadges/web/s210.png"
"SV Mattersburg","http://cdn.content.easports.com/fifa/fltOnlineAssets/2012/fut/items/images/clubbadges/web/s1785.png"
"SV Ried","http://cdn.content.easports.com/fifa/fltOnlineAssets/2012/fut/items/images/clubbadges/web/s780.png"
"SV Zulte-Waregem","http://cdn.content.easports.com/fifa/fltOnlineAssets/2012/fut/items/images/clubbadges/web/s15005.png"
"Sampdoria","http://cdn.content.easports.com/fifa/fltOnlineAssets/2012/fut/items/images/clubbadges/web/s1837.png"
"San Jose Earthquakes","http://cdn.content.easports.com/fifa/fltOnlineAssets/2012/fut/items/images/clubbadges/web/s111928.png"
"San Luis","http://cdn.content.easports.com/fifa/fltOnlineAssets/2012/fut/items/images/clubbadges/web/s110149.png"
"Sangju Sangmu Phoenix FC","http://cdn.content.easports.com/fifa/fltOnlineAssets/2012/fut/items/images/clubbadges/web/s2055.png"
"Santos Laguna","http://cdn.content.easports.com/fifa/fltOnlineAssets/2012/fut/items/images/clubbadges/web/s110144.png"
"Santos","http://cdn.content.easports.com/fifa/fltOnlineAssets/2012/fut/items/images/clubbadges/web/s1053.png"
"Sarpsborg 08 FF","http://cdn.content.easports.com/fifa/fltOnlineAssets/2012/fut/items/images/clubbadges/web/s112199.png"
"Sassuolo","http://cdn.content.easports.com/fifa/fltOnlineAssets/2012/fut/items/images/clubbadges/web/s111974.png"
"Scunthorpe United","http://cdn.content.easports.com/fifa/fltOnlineAssets/2012/fut/items/images/clubbadges/web/s1949.png"
"Seattle Sounders","http://cdn.content.easports.com/fifa/fltOnlineAssets/2012/fut/items/images/clubbadges/web/s111144.png"
"Seongnam Ilhwa Chunma","http://cdn.content.easports.com/fifa/fltOnlineAssets/2012/fut/items/images/clubbadges/web/s981.png"
"Servette FC","http://cdn.content.easports.com/fifa/fltOnlineAssets/2012/fut/items/images/clubbadges/web/s324.png"
"Sevilla FC","http://cdn.content.easports.com/fifa/fltOnlineAssets/2012/fut/items/images/clubbadges/web/s481.png"
"Shamrock Rovers","http://cdn.content.easports.com/fifa/fltOnlineAssets/2012/fut/items/images/clubbadges/web/s306.png"
"Sheffield United","http://cdn.content.easports.com/fifa/fltOnlineAssets/2012/fut/items/images/clubbadges/web/s1794.png"
"Sheffield Wednesday","http://cdn.content.easports.com/fifa/fltOnlineAssets/2012/fut/items/images/clubbadges/web/s1807.png"
"Shrewsbury Town","http://cdn.content.easports.com/fifa/fltOnlineAssets/2012/fut/items/images/clubbadges/web/s127.png"
"Siena","http://cdn.content.easports.com/fifa/fltOnlineAssets/2012/fut/items/images/clubbadges/web/s1838.png"
"Silkeborg IF","http://cdn.content.easports.com/fifa/fltOnlineAssets/2012/fut/items/images/clubbadges/web/s270.png"
"Sint-Truiden","http://cdn.content.easports.com/fifa/fltOnlineAssets/2012/fut/items/images/clubbadges/web/s680.png"
"Sligo Rovers","http://cdn.content.easports.com/fifa/fltOnlineAssets/2012/fut/items/images/clubbadges/web/s563.png"
"Sogndal Fotball","http://cdn.content.easports.com/fifa/fltOnlineAssets/2012/fut/items/images/clubbadges/web/s1465.png"
"Southampton","http://cdn.content.easports.com/fifa/fltOnlineAssets/2012/fut/items/images/clubbadges/web/s17.png"
"Southend United","http://cdn.content.easports.com/fifa/fltOnlineAssets/2012/fut/items/images/clubbadges/web/s1954.png"
"SpVgg Greuther Fürth","http://cdn.content.easports.com/fifa/fltOnlineAssets/2012/fut/items/images/clubbadges/web/s165.png"
"Spartak Moskva","http://cdn.content.easports.com/fifa/fltOnlineAssets/2012/fut/items/images/clubbadges/web/s100767.png"
"Spartak Nalchik","http://cdn.content.easports.com/fifa/fltOnlineAssets/2012/fut/items/images/clubbadges/web/s110103.png"
"Sporting CP","http://cdn.content.easports.com/fifa/fltOnlineAssets/2012/fut/items/images/clubbadges/web/s237.png"
"Sporting KC","http://cdn.content.easports.com/fifa/fltOnlineAssets/2012/fut/items/images/clubbadges/web/s696.png"
"St. Johnstone","http://cdn.content.easports.com/fifa/fltOnlineAssets/2012/fut/items/images/clubbadges/web/s100804.png"
"St. Mirren","http://cdn.content.easports.com/fifa/fltOnlineAssets/2012/fut/items/images/clubbadges/web/s100805.png"
"St. Patrick's Athletic","http://cdn.content.easports.com/fifa/fltOnlineAssets/2012/fut/items/images/clubbadges/web/s423.png"
"Stabæk Fotball","http://cdn.content.easports.com/fifa/fltOnlineAssets/2012/fut/items/images/clubbadges/web/s917.png"
"Stade Brestois","http://cdn.content.easports.com/fifa/fltOnlineAssets/2012/fut/items/images/clubbadges/web/s378.png"
"Stade Lavallois","http://cdn.content.easports.com/fifa/fltOnlineAssets/2012/fut/items/images/clubbadges/web/s1814.png"
"Stade Rennais","http://cdn.content.easports.com/fifa/fltOnlineAssets/2012/fut/items/images/clubbadges/web/s74.png"
"Stade de Reims","http://cdn.content.easports.com/fifa/fltOnlineAssets/2012/fut/items/images/clubbadges/web/s379.png"
"Standard Liège","http://cdn.content.easports.com/fifa/fltOnlineAssets/2012/fut/items/images/clubbadges/web/s232.png"
"Stevenage","http://cdn.content.easports.com/fifa/fltOnlineAssets/2012/fut/items/images/clubbadges/web/s361.png"
"Stoke City","http://cdn.content.easports.com/fifa/fltOnlineAssets/2012/fut/items/images/clubbadges/web/s1806.png"
"Strømsgodset Toppfotball","http://cdn.content.easports.com/fifa/fltOnlineAssets/2012/fut/items/images/clubbadges/web/s922.png"
"Sturm Graz","http://cdn.content.easports.com/fifa/fltOnlineAssets/2012/fut/items/images/clubbadges/web/s209.png"
"Sunderland","http://cdn.content.easports.com/fifa/fltOnlineAssets/2012/fut/items/images/clubbadges/web/s106.png"
"Suwon Samsung Bluewings","http://cdn.content.easports.com/fifa/fltOnlineAssets/2012/fut/items/images/clubbadges/web/s983.png"
"Swansea City","http://cdn.content.easports.com/fifa/fltOnlineAssets/2012/fut/items/images/clubbadges/web/s1960.png"
"Swindon Town","http://cdn.content.easports.com/fifa/fltOnlineAssets/2012/fut/items/images/clubbadges/web/s1934.png"
"Sydney FC","http://cdn.content.easports.com/fifa/fltOnlineAssets/2012/fut/items/images/clubbadges/web/s111400.png"
"Syrianska FC","http://cdn.content.easports.com/fifa/fltOnlineAssets/2012/fut/items/images/clubbadges/web/s112267.png"
"São Paulo","http://cdn.content.easports.com/fifa/fltOnlineAssets/2012/fut/items/images/clubbadges/web/s598.png"
"SønderjyskE","http://cdn.content.easports.com/fifa/fltOnlineAssets/2012/fut/items/images/clubbadges/web/s1447.png"
"TSV 1860 München","http://cdn.content.easports.com/fifa/fltOnlineAssets/2012/fut/items/images/clubbadges/web/s33.png"
"Terek Grozny","http://cdn.content.easports.com/fifa/fltOnlineAssets/2012/fut/items/images/clubbadges/web/s110109.png"
"Tigres U.A.N.L.","http://cdn.content.easports.com/fifa/fltOnlineAssets/2012/fut/items/images/clubbadges/web/s1970.png"
"Toluca","http://cdn.content.easports.com/fifa/fltOnlineAssets/2012/fut/items/images/clubbadges/web/s1882.png"
"Tom Tomsk","http://cdn.content.easports.com/fifa/fltOnlineAssets/2012/fut/items/images/clubbadges/web/s110233.png"
"Torino","http://cdn.content.easports.com/fifa/fltOnlineAssets/2012/fut/items/images/clubbadges/web/s54.png"
"Toronto FC","http://cdn.content.easports.com/fifa/fltOnlineAssets/2012/fut/items/images/clubbadges/web/s111651.png"
"Torquay United","http://cdn.content.easports.com/fifa/fltOnlineAssets/2012/fut/items/images/clubbadges/web/s1946.png"
"Tottenham Hotspur","http://cdn.content.easports.com/fifa/fltOnlineAssets/2012/fut/items/images/clubbadges/web/s18.png"
"Toulouse FC","http://cdn.content.easports.com/fifa/fltOnlineAssets/2012/fut/items/images/clubbadges/web/s1809.png"
"Tours FC","http://cdn.content.easports.com/fifa/fltOnlineAssets/2012/fut/items/images/clubbadges/web/s110326.png"
"Tranmere Rovers","http://cdn.content.easports.com/fifa/fltOnlineAssets/2012/fut/items/images/clubbadges/web/s15048.png"
"Trelleborgs FF","http://cdn.content.easports.com/fifa/fltOnlineAssets/2012/fut/items/images/clubbadges/web/s703.png"
"Tromsø IL","http://cdn.content.easports.com/fifa/fltOnlineAssets/2012/fut/items/images/clubbadges/web/s418.png"
"U.C.D.","http://cdn.content.easports.com/fifa/fltOnlineAssets/2012/fut/items/images/clubbadges/web/s111132.png"
"U.N.A.M.","http://cdn.content.easports.com/fifa/fltOnlineAssets/2012/fut/items/images/clubbadges/web/s1881.png"
"UD Almería","http://cdn.content.easports.com/fifa/fltOnlineAssets/2012/fut/items/images/clubbadges/web/s1861.png"
"UD Las Palmas","http://cdn.content.easports.com/fifa/fltOnlineAssets/2012/fut/items/images/clubbadges/web/s472.png"
"US Boulogne","http://cdn.content.easports.com/fifa/fltOnlineAssets/2012/fut/items/images/clubbadges/web/s111376.png"
"Udinese","http://cdn.content.easports.com/fifa/fltOnlineAssets/2012/fut/items/images/clubbadges/web/s55.png"
"Ulsan Hyundai FC","http://cdn.content.easports.com/fifa/fltOnlineAssets/2012/fut/items/images/clubbadges/web/s1473.png"
"União Desportiva de Leiria","http://cdn.content.easports.com/fifa/fltOnlineAssets/2012/fut/items/images/clubbadges/web/s1895.png"
"VVV-Venlo","http://cdn.content.easports.com/fifa/fltOnlineAssets/2012/fut/items/images/clubbadges/web/s100651.png"
"Valencia CF","http://cdn.content.easports.com/fifa/fltOnlineAssets/2012/fut/items/images/clubbadges/web/s461.png"
"Valenciennes FC","http://cdn.content.easports.com/fifa/fltOnlineAssets/2012/fut/items/images/clubbadges/web/s110456.png"
"Vancouver Whitecaps","http://cdn.content.easports.com/fifa/fltOnlineAssets/2012/fut/items/images/clubbadges/web/s101112.png"
"Varese","http://cdn.content.easports.com/fifa/fltOnlineAssets/2012/fut/items/images/clubbadges/web/s112237.png"
"Vasco da Gama","http://cdn.content.easports.com/fifa/fltOnlineAssets/2012/fut/items/images/clubbadges/web/s569.png"
"VfB Stuttgart","http://cdn.content.easports.com/fifa/fltOnlineAssets/2012/fut/items/images/clubbadges/web/s36.png"
"VfL Bochum","http://cdn.content.easports.com/fifa/fltOnlineAssets/2012/fut/items/images/clubbadges/web/s160.png"
"VfL Wolfsburg","http://cdn.content.easports.com/fifa/fltOnlineAssets/2012/fut/items/images/clubbadges/web/s175.png"
"Vicenza","http://cdn.content.easports.com/fifa/fltOnlineAssets/2012/fut/items/images/clubbadges/web/s1847.png"
"Viking FK","http://cdn.content.easports.com/fifa/fltOnlineAssets/2012/fut/items/images/clubbadges/web/s300.png"
"Villarreal B","http://cdn.content.easports.com/fifa/fltOnlineAssets/2012/fut/items/images/clubbadges/web/s110902.png"
"Villarreal CF","http://cdn.content.easports.com/fifa/fltOnlineAssets/2012/fut/items/images/clubbadges/web/s483.png"
"Vitesse","http://cdn.content.easports.com/fifa/fltOnlineAssets/2012/fut/items/images/clubbadges/web/s1909.png"
"Vitória Guimarães","http://cdn.content.easports.com/fifa/fltOnlineAssets/2012/fut/items/images/clubbadges/web/s1887.png"
"Vitória Setúbal","http://cdn.content.easports.com/fifa/fltOnlineAssets/2012/fut/items/images/clubbadges/web/s665.png"
"Vålerenga Fotball","http://cdn.content.easports.com/fifa/fltOnlineAssets/2012/fut/items/images/clubbadges/web/s920.png"
"Wacker Innsbruck","http://cdn.content.easports.com/fifa/fltOnlineAssets/2012/fut/items/images/clubbadges/web/s2045.png"
"Walsall","http://cdn.content.easports.com/fifa/fltOnlineAssets/2012/fut/items/images/clubbadges/web/s1803.png"
"Watford","http://cdn.content.easports.com/fifa/fltOnlineAssets/2012/fut/items/images/clubbadges/web/s1795.png"
"Wellington Phoenix","http://cdn.content.easports.com/fifa/fltOnlineAssets/2012/fut/items/images/clubbadges/web/s111766.png"
"Werder Bremen","http://cdn.content.easports.com/fifa/fltOnlineAssets/2012/fut/items/images/clubbadges/web/s38.png"
"West Bromwich Albion","http://cdn.content.easports.com/fifa/fltOnlineAssets/2012/fut/items/images/clubbadges/web/s109.png"
"West Ham United","http://cdn.content.easports.com/fifa/fltOnlineAssets/2012/fut/items/images/clubbadges/web/s19.png"
"Westerlo","http://cdn.content.easports.com/fifa/fltOnlineAssets/2012/fut/items/images/clubbadges/web/s681.png"
"Widzew Łódź","http://cdn.content.easports.com/fifa/fltOnlineAssets/2012/fut/items/images/clubbadges/web/s301.png"
"Wigan Athletic","http://cdn.content.easports.com/fifa/fltOnlineAssets/2012/fut/items/images/clubbadges/web/s1917.png"
"Wisła Kraków","http://cdn.content.easports.com/fifa/fltOnlineAssets/2012/fut/items/images/clubbadges/web/s1873.png"
"Wolverhampton Wanderers","http://cdn.content.easports.com/fifa/fltOnlineAssets/2012/fut/items/images/clubbadges/web/s110.png"
"Wycombe Wanderers","http://cdn.content.easports.com/fifa/fltOnlineAssets/2012/fut/items/images/clubbadges/web/s1933.png"
"Xerez CD","http://cdn.content.easports.com/fifa/fltOnlineAssets/2012/fut/items/images/clubbadges/web/s1742.png"
"Xoloitzcuintles de Tijuana","http://cdn.content.easports.com/fifa/fltOnlineAssets/2012/fut/items/images/clubbadges/web/s111678.png"
"Yeovil Town","http://cdn.content.easports.com/fifa/fltOnlineAssets/2012/fut/items/images/clubbadges/web/s346.png"
"Zagłębie Lubin","http://cdn.content.easports.com/fifa/fltOnlineAssets/2012/fut/items/images/clubbadges/web/s110749.png"
"Zenit St. Petersburg","http://cdn.content.easports.com/fifa/fltOnlineAssets/2012/fut/items/images/clubbadges/web/s100769.png"
"Évian Thonon Gaillard FC","http://cdn.content.easports.com/fifa/fltOnlineAssets/2012/fut/items/images/clubbadges/web/s111271.png"
"Örebro SK","http://cdn.content.easports.com/fifa/fltOnlineAssets/2012/fut/items/images/clubbadges/web/s705.png"
"ŁKS Łódź","http://cdn.content.easports.com/fifa/fltOnlineAssets/2012/fut/items/images/clubbadges/web/s111085.png"
"Śląsk Wrocław","http://cdn.content.easports.com/fifa/fltOnlineAssets/2012/fut/items/images/clubbadges/web/s111092.png"
